Error, System.Configuration.ConfigurationErrorsException_System.Configuration, 11/11/2020 11:47:52 AM, , System.Configuration.ConfigurationErrorsException: Unable to open configSource file 'ConnectionStrings.config'. (C:\TFS_GIT\LearningKit\web.config line 14)
   at System.Configuration.BaseConfigurationRecord.EvaluateOne(String[] keys, SectionInput input, Boolean isTrusted, FactoryRecord factoryRecord, SectionRecord sectionRecord, Object parentResult)
   at System.Configuration.BaseConfigurationRecord.Evaluate(FactoryRecord factoryRecord, SectionRecord sectionRecord, Object parentResult, Boolean getLkg, Boolean getRuntimeObject, Object& result, Object& resultRuntimeObject)
   at System.Configuration.BaseConfigurationRecord.GetSectionRecursive(String configKey, Boolean getLkg, Boolean checkPermission, Boolean getRuntimeObject, Boolean requestIsHere, Object& result, Object& resultRuntimeObject)
   at System.Configuration.BaseConfigurationRecord.GetSection(String configKey)
   at System.Configuration.ConfigurationManager.GetSection(String sectionName)
   at System.Configuration.ConfigurationManager.get_ConnectionStrings()
   at CMS.Base.CMSConnectionStrings.GetFromSettings(String key)
   at CMS.Base.CMSConnectionStrings.GetItem(String key)
   at CMS.Base.ConnectionStringService.get_Item(String name)
   at CMS.DataEngine.ConnectionHelper.GetConnectionString(String connectionStringName, Boolean nullIfNotFound)
   at CMS.DataEngine.AbstractDataConnection.GetExecutingConnection(String connectionStringName, Boolean newConnection)
   at CMS.DataEngine.GeneralConnection.GetExecutingConnection(QueryParameters query)
   at CMS.DataEngine.GeneralConnection.RunQuery(QueryParameters query)
   at CMS.DataEngine.SqlExecutionHelper.ExecuteWithRetryCore[TResult](Func`1 executionFunc, Int32 retryCount, Func`2 exceptionRetryPredicate)
   at CMS.DataEngine.SqlExecutionHelper.ExecuteWithDeadlockRetryInternal[TResult](Func`1 executionFunc, Int32 retryCount)
   at CMS.DataEngine.GeneralConnection.ExecuteQuery(QueryParameters query, Int32& totalRecords)
   at CMS.DataEngine.DataQueryBase`1.GetDataFromDBInternal()
   at CMS.DataEngine.DataQueryBase`1.GetDataFromDB()
   at CMS.DataEngine.DataQueryBase`1.GetData()
   at CMS.DataEngine.DataQueryBase`1.Execute()
   at CMS.DataEngine.DataQueryBase`1.get_Result()
   at CMS.DataEngine.DataQueryBase`1.GetScalarResult[T](T defaultValue)
   at CMS.DataEngine.DataQueryBase`1.LoadTotalRecordsNonPaged()
   at CMS.DataEngine.DataQueryBase`1.get_TotalRecords()
   at CMS.DataEngine.DataQueryBase`1.LoadTotalRecordsNonPaged()
   at CMS.DataEngine.DataQueryBase`1.get_TotalRecords()
   at CMS.DataEngine.DataQueryBase`1.HasResults()
   at CMS.WebFarmSync.WebFarmTaskProcessor.CheckNewTasks()
   at CMS.WebFarmSync.WebFarmTaskProcessor.Process()
